{
  "metrics/precision(B)": 0.9059043261031513,
  "metrics/recall(B)": 0.8848372683954758,
  "metrics/mAP50(B)": 0.9212780815419271,
  "metrics/mAP50-95(B)": 0.802359932676912,
  "fitness": 0.802359932676912,
  "precision": 0.9059043261031513,
  "recall": 0.8848372683954758,
  "map50": 0.9212780815419271,
  "map50_95": 0.802359932676912
}